sample_id,label (not resistant[0]/resistant[1] to Trimethoprim),AAAA,AAAC,AAAG,AAAT,AACA,AACC,AACG,AACT,AAGA,AAGC,AAGG,AAGT,AATA,AATC,AATG,AATT,ACAA,ACAC,ACAG,ACAT,ACCA,ACCC,ACCG,ACCT,ACGA,ACGC,ACGG,ACGT,ACTA,ACTC,ACTG,ACTT,AGAA,AGAC,AGAG,AGAT,AGCA,AGCC,AGCG,AGCT,AGGA,AGGC,AGGG,AGGT,AGTA,AGTC,AGTG,AGTT,ATAA,ATAC,ATAG,ATAT,ATCA,ATCC,ATCG,ATCT,ATGA,ATGC,ATGG,ATGT,ATTA,ATTC,ATTG,ATTT,CAAA,CAAC,CAAG,CAAT,CACA,CACC,CACG,CACT,CAGA,CAGC,CAGG,CAGT,CATA,CATC,CATG,CATT,CCAA,CCAC,CCAG,CCAT,CCCA,CCCC,CCCG,CCCT,CCGA,CCGC,CCGG,CCGT,CCTA,CCTC,CCTG,CCTT,CGAA,CGAC,CGAG,CGAT,CGCA,CGCC,CGCG,CGCT,CGGA,CGGC,CGGG,CGGT,CGTA,CGTC,CGTG,CGTT,CTAA,CTAC,CTAG,CTAT,CTCA,CTCC,CTCG,CTCT,CTGA,CTGC,CTGG,CTGT,CTTA,CTTC,CTTG,CTTT,GAAA,GAAC,GAAG,GAAT,GACA,GACC,GACG,GACT,GAGA,GAGC,GAGG,GAGT,GATA,GATC,GATG,GATT,GCAA,GCAC,GCAG,GCAT,GCCA,GCCC,GCCG,GCCT,GCGA,GCGC,GCGG,GCGT,GCTA,GCTC,GCTG,GCTT,GGAA,GGAC,GGAG,GGAT,GGCA,GGCC,GGCG,GGCT,GGGA,GGGC,GGGG,GGGT,GGTA,GGTC,GGTG,GGTT,GTAA,GTAC,GTAG,GTAT,GTCA,GTCC,GTCG,GTCT,GTGA,GTGC,GTGG,GTGT,GTTA,GTTC,GTTG,GTTT,TAAA,TAAC,TAAG,TAAT,TACA,TACC,TACG,TACT,TAGA,TAGC,TAGG,TAGT,TATA,TATC,TATG,TATT,TCAA,TCAC,TCAG,TCAT,TCCA,TCCC,TCCG,TCCT,TCGA,TCGC,TCGG,TCGT,TCTA,TCTC,TCTG,TCTT,TGAA,TGAC,TGAG,TGAT,TGCA,TGCC,TGCG,TGCT,TGGA,TGGC,TGGG,TGGT,TGTA,TGTC,TGTG,TGTT,TTAA,TTAC,TTAG,TTAT,TTCA,TTCC,TTCG,TTCT,TTGA,TTGC,TTGG,TTGT,TTTA,TTTC,TTTG,TTTT,gc_content,sequence_length,at_ratio,molecular_weight
CP133856.1,0,39781,27787,25540,29277,24288,22226,26645,17618,18838,21757,15068,14463,24302,23384,24173,21905,18375,12524,19076,15943,26652,13232,27691,14674,15700,28239,20204,15907,7335,10856,22933,14464,20881,11738,12271,18497,25670,19709,29067,14884,12808,18312,10433,15010,12130,10550,15151,17992,25159,15295,10770,21827,30952,20458,26067,18102,23102,23977,21585,15895,21846,19578,23056,29471,26526,23831,10552,23101,14692,25867,18028,15369,24857,41364,27597,22936,15518,29026,16744,24571,14723,20530,37689,22434,14847,10071,17980,10222,17143,30878,27234,20184,4450,9123,27132,14935,20613,18687,11204,26333,27377,37836,29883,28574,18940,31408,18206,27161,15537,19912,17961,26259,8394,9707,1067,10239,13468,10795,11230,11913,27419,31085,36911,18844,10819,23065,10524,25756,30693,19596,22891,19528,14688,15206,20056,10631,13147,14414,9357,10881,22646,20827,28770,23281,29380,19822,32321,23714,34778,17281,31044,18212,27364,37402,30895,27530,11511,14508,39979,21755,22504,9299,11042,20325,30094,13569,37153,19552,12919,16869,10146,13415,19182,14768,25619,22386,20317,13390,10254,14973,20601,9324,18652,11409,21141,19623,20062,12327,19361,19994,23864,27795,25385,19563,11143,21859,12250,18950,15321,11970,6545,11795,4541,7543,10585,22342,14872,24194,21532,21080,27668,23768,19099,12536,18724,12532,16630,27151,17382,16048,6111,12919,24215,19010,28710,20857,13282,30369,22096,30201,27088,24743,18503,33779,14564,26369,12085,14756,14422,24377,24079,20099,8333,24954,29027,22314,21262,20831,21556,29443,14657,18574,25439,30797,26786,40314,0.5048951103410009,5136350,0.49510488965899907,1586110069.601563
CP173596.1,0,39464,27783,25162,28696,24123,22306,26742,17481,18485,21766,15052,14251,23521,23285,23964,21445,18115,12551,18932,15888,26706,13421,28069,14678,15796,28566,20425,15816,7175,10860,23102,14335,20565,11869,12234,18094,25717,19862,29308,14907,12853,18386,10476,15039,11911,10629,15221,17931,24635,15018,10570,21244,30764,20444,26139,17948,22853,23923,21602,15796,21277,19385,22985,28845,26295,23771,10551,22862,14733,26210,18350,15306,24769,41716,27779,23118,15253,29363,16850,24450,14692,20675,37922,22439,14911,10240,18147,10366,17241,31194,27759,20357,4434,9346,27315,15052,20770,18907,11293,26314,27694,38482,30202,28984,19072,31748,18507,27554,15493,20172,17966,26405,8252,9702,1111,10001,13704,10931,11394,12026,27654,31515,36872,18897,10659,23240,10557,25732,30497,19601,22765,19344,14662,15448,20282,10724,13159,14678,9418,10904,22486,20453,28772,23129,29340,20053,32492,23880,34972,17367,31577,18533,27508,38055,31206,27837,11504,14908,40241,21824,22480,9344,11225,20246,30244,13683,37616,19734,12932,16921,10049,13595,19056,15041,25960,22292,20114,13303,10158,14846,20818,9491,18898,11514,21199,19832,20261,12357,19399,19969,23720,27769,24849,19497,11076,21313,11968,18910,15229,11961,6349,11634,4505,7419,10207,22194,14588,23468,21332,21320,28036,23709,19139,12636,18758,12571,16739,27547,17491,16026,5953,12941,24280,18977,28392,20996,13407,30186,22110,30422,27480,24852,18438,34222,14465,26161,11961,14879,14502,24229,23734,20045,8068,24366,29111,22238,21372,20663,21275,29594,14551,18521,24878,30790,26679,40089,0.5073241956598353,5138653,0.4926758043401646,1586771095.272286
CP173597.1,0,905,519,522,584,461,371,429,395,385,469,420,306,425,378,452,335,322,221,483,319,409,274,464,297,304,420,434,293,182,246,470,294,469,280,295,361,478,422,499,341,317,436,280,355,228,278,324,324,439,313,199,457,546,397,450,366,534,529,443,356,366,371,381,483,506,385,315,332,268,436,352,295,522,708,545,451,299,473,393,433,256,348,517,394,270,251,439,288,361,560,632,410,139,233,591,372,399,338,265,432,442,620,461,525,466,573,415,511,285,381,394,403,147,206,69,240,353,277,255,257,679,638,710,436,269,426,280,455,682,464,518,375,355,307,395,257,344,401,305,262,416,409,637,435,524,395,645,432,532,408,646,470,430,621,548,400,203,365,861,417,467,251,371,470,598,444,579,451,334,431,294,247,297,334,527,384,312,251,157,343,423,243,420,287,479,383,417,289,285,409,382,474,437,288,225,299,261,330,275,245,154,162,118,135,268,499,380,398,436,387,581,453,304,315,414,280,339,447,351,360,138,298,541,348,704,445,381,634,478,570,460,529,442,632,317,429,253,380,323,439,351,341,144,505,535,396,372,415,472,487,250,314,421,512,480,727,0.5106462568292562,101585,0.4893537431707437,31394520.292570554
CP173595.1,0,687,431,352,462,479,289,356,269,253,310,259,185,429,402,344,305,348,307,463,357,495,228,487,291,250,383,487,246,93,202,468,254,395,271,205,273,450,465,389,248,281,365,266,245,209,195,255,277,456,349,149,437,596,439,312,337,371,336,337,278,313,415,252,516,395,313,209,334,395,620,369,337,545,867,608,471,376,651,356,423,186,474,732,449,280,374,493,287,240,457,824,406,61,257,649,364,242,308,155,272,421,525,323,371,436,663,480,420,201,337,279,398,79,91,30,125,293,385,105,249,624,771,398,527,208,489,157,453,436,373,299,354,366,277,397,223,252,248,206,180,383,262,400,336,371,422,625,460,650,444,475,403,294,473,468,338,97,296,639,342,379,252,263,392,573,422,475,355,304,358,225,247,261,286,341,366,292,242,133,248,449,238,231,263,329,315,297,234,248,427,314,481,414,276,147,330,235,314,244,188,94,127,84,100,203,369,222,432,346,519,671,540,416,388,472,350,193,327,220,225,74,277,564,347,446,432,263,444,434,560,386,400,265,439,163,342,244,363,300,429,340,299,93,416,738,564,317,413,261,358,177,297,379,701,370,837,0.5144243493603882,90680,0.48557565063961183,27949442.467510052
CP173593.1,0,621,418,421,490,425,366,435,340,314,383,296,277,413,375,474,426,316,260,327,283,509,179,369,270,251,412,283,276,161,250,376,321,381,185,241,327,443,392,402,330,291,353,212,272,209,230,319,345,408,341,279,441,635,388,425,330,436,417,327,314,360,419,479,614,463,397,253,459,255,425,266,305,440,592,480,396,345,608,310,533,276,332,631,495,267,242,236,237,208,413,388,353,92,260,474,361,275,245,207,380,399,517,410,448,331,390,242,410,297,332,264,484,184,209,25,258,296,286,195,300,475,481,541,404,242,528,324,590,479,377,342,374,253,199,261,227,232,280,245,249,482,315,439,434,483,278,410,485,549,295,410,390,374,500,432,417,255,272,578,538,391,170,258,394,412,215,447,372,264,208,171,174,282,221,349,419,344,188,219,341,372,185,290,239,366,342,253,288,387,412,489,537,387,374,254,365,253,337,260,236,148,312,107,181,229,480,271,480,497,381,540,533,409,266,347,290,274,449,270,331,168,295,473,464,525,340,300,569,402,520,464,493,327,495,192,415,304,303,317,577,444,348,225,420,648,452,414,531,457,639,308,495,448,686,607,985,0.48080612134928336,92790,0.5191938786507166,28623540.516290106
CP173594.1,0,410,299,237,323,338,281,228,217,187,224,112,137,313,308,224,262,253,161,182,182,352,111,155,183,160,183,161,137,98,163,157,191,241,95,108,184,254,212,146,199,123,126,70,116,119,97,86,200,332,210,131,340,440,238,203,249,172,206,122,149,243,245,191,353,307,317,180,282,173,262,157,142,234,330,182,164,223,378,148,296,240,200,340,321,190,135,104,128,114,180,109,164,59,187,235,204,149,122,88,172,182,202,139,192,102,210,76,136,158,142,80,223,129,109,22,129,224,199,113,189,238,209,209,204,173,267,137,378,241,190,122,188,120,92,108,100,112,105,84,110,225,135,155,205,264,147,139,224,279,157,155,166,140,163,136,152,124,198,190,262,142,54,84,150,161,133,138,152,73,66,45,62,120,71,93,195,209,85,107,156,131,87,96,120,95,100,80,86,216,189,195,302,311,259,121,314,147,166,148,149,95,152,57,91,252,309,122,269,329,226,249,318,280,154,153,208,117,189,118,150,108,177,278,298,209,149,131,214,177,210,168,231,132,182,55,165,160,124,102,284,335,206,135,327,327,271,162,303,198,271,123,231,371,362,300,556,0.4430051271319452,47785,0.5569948728680548,14696957.303245563
CP119740.1,1,39325,27425,25492,28477,24167,22237,26531,17743,18735,21855,15186,14587,23288,23102,24390,21419,18338,12182,19124,15682,26145,13396,26921,14821,15940,27665,20467,15883,7280,10722,22895,14280,20724,11574,12119,17999,24651,19549,29339,14984,12661,18708,10513,15067,11936,10903,15563,17863,24406,14888,10137,21102,30162,19957,25876,18365,23722,23827,22233,16155,21016,19435,23105,28732,26328,23845,10501,22795,14317,25423,17953,14860,24508,40206,27834,23237,14560,28459,17135,23943,14433,19813,36966,21584,14429,9802,18242,10169,17262,30591,27458,20231,4461,9188,27441,15219,21179,18589,11453,26029,27495,36590,30023,29153,18956,31215,18616,27825,15449,20092,18379,26733,8126,10111,1165,10241,13284,11023,11297,11969,28206,32217,37608,19177,11083,22798,10831,25402,30549,20126,23282,19636,14856,14818,19894,10675,13087,14933,9379,11144,22383,20447,29288,23503,29610,19450,31705,23874,33732,16759,31304,18481,27586,37786,31416,28598,11584,14658,41677,21937,22342,9477,10984,20524,30472,13952,38068,19957,12662,17700,10227,13627,19017,15325,26344,22688,20160,13273,9890,15123,20942,9485,18831,12029,21561,20323,20797,12622,19556,20052,24198,28106,24517,19282,11088,21291,11986,18805,15577,11899,6086,11529,4550,7297,10302,22352,15124,23423,21088,21108,27990,22957,18490,12685,19075,12838,16462,27219,17271,15941,6318,13005,25195,18678,29348,20603,13987,31069,22021,30186,27956,25762,19048,34826,14860,26855,12044,14967,15016,24628,23486,19995,8270,24735,28755,22623,20889,20833,21518,29558,14951,18701,24831,30815,26594,39933,0.5068040497130911,5138043,0.4931959502869088,1586871058.3571901
CP119741.1,1,2466,1258,1628,1665,1099,960,951,949,1159,1213,961,932,1190,1071,1329,1197,988,544,945,794,940,605,874,774,704,679,733,666,451,629,1045,916,1293,622,725,1016,1103,895,838,1007,800,864,615,825,736,585,745,967,1305,830,656,1019,1409,867,845,1007,1351,1022,991,855,1084,1006,946,1576,1411,917,661,970,628,804,513,722,1235,1342,1136,975,806,1120,848,1225,644,601,1194,938,602,491,680,633,622,697,1140,737,319,613,1131,952,779,570,502,852,742,725,430,900,724,884,713,933,647,707,594,910,598,492,130,617,912,649,538,718,1450,1021,1302,992,814,1141,709,1521,1643,866,1185,1050,788,607,661,620,752,779,655,613,1068,892,1197,1056,1103,616,1082,1010,981,651,876,873,691,668,712,742,568,864,1388,1155,1032,514,657,956,1007,772,808,949,666,686,475,643,875,636,849,1029,1024,611,492,875,931,498,599,675,863,690,708,537,889,916,1029,1255,1497,918,791,1102,756,822,657,750,510,510,352,513,746,1045,845,1134,1224,906,1467,1257,854,659,766,735,686,753,669,713,499,711,1201,1162,1640,970,915,1389,959,989,737,1119,969,1102,667,988,744,775,610,1183,1381,1052,607,1259,1602,1000,839,1173,1250,1071,724,928,1512,1551,1289,2235,0.4587511838196183,231243,0.5412488161803817,71425230.01370479
CP119742.1,1,959,537,471,534,520,371,431,325,310,347,309,214,481,413,410,330,384,391,543,407,511,251,545,350,256,381,524,244,106,245,609,299,482,283,222,272,466,493,399,265,330,368,264,311,254,235,288,366,520,413,168,489,634,491,278,335,403,438,381,366,345,379,259,536,431,328,136,321,481,659,348,406,607,852,691,572,406,693,426,443,150,520,747,460,249,392,604,301,231,531,1018,495,56,267,710,376,267,294,130,259,416,545,261,405,560,688,510,532,213,391,294,414,83,116,20,122,356,398,105,283,688,812,590,615,223,554,152,494,602,425,398,392,416,280,368,274,259,293,207,217,467,179,499,317,349,415,685,525,658,451,557,383,281,404,544,350,103,335,741,380,527,295,318,437,636,389,490,448,335,334,253,265,314,310,441,450,402,261,138,296,493,325,229,282,407,356,376,319,341,508,373,536,509,357,175,387,308,347,258,254,83,131,66,140,236,453,253,429,333,568,747,576,459,452,569,375,182,311,204,223,76,295,645,368,541,466,306,494,456,622,429,441,352,574,159,407,316,393,435,528,423,377,94,464,741,641,308,484,309,342,145,372,449,733,384,997,0.5081460952192418,101030,0.4918539047807582,31156442.96616041
CP119743.1,1,941,513,573,676,560,411,484,376,465,507,402,316,525,444,567,509,442,277,433,335,486,212,475,335,341,404,377,233,231,260,403,348,508,264,236,386,488,363,432,365,325,364,242,292,231,226,292,394,506,351,239,484,630,427,437,394,545,518,488,346,414,441,518,637,569,500,306,576,312,425,263,316,492,654,507,414,291,513,333,516,367,309,635,402,223,184,267,219,284,444,440,339,142,224,479,325,393,313,197,490,446,438,452,453,350,528,267,421,276,290,286,437,223,258,31,327,321,261,207,282,589,485,620,355,290,450,315,513,656,403,543,415,327,277,347,299,283,254,215,254,509,417,592,490,602,380,453,484,589,248,414,322,452,548,446,407,288,341,665,465,428,240,263,460,539,248,548,405,309,299,238,211,348,247,452,406,371,213,159,360,334,190,292,224,406,357,326,216,389,399,432,502,537,415,268,378,288,395,261,251,154,233,99,159,255,514,405,495,540,350,546,432,415,249,351,294,316,393,303,310,178,246,502,430,688,433,310,672,446,524,421,536,407,549,310,529,248,277,275,485,498,372,216,498,583,431,386,456,563,567,361,368,491,566,594,771,0.4780531501940878,100470,0.5219468498059122,31035182.364763103
CP119744.1,1,903,502,453,561,462,393,428,309,323,354,379,262,444,352,469,307,341,281,595,269,359,281,510,317,229,400,485,268,134,209,502,207,413,273,263,331,413,396,446,291,379,382,283,316,213,236,358,321,436,284,131,441,465,425,312,282,618,503,490,381,353,358,327,508,376,346,174,290,357,432,319,283,581,740,666,520,222,436,404,366,167,352,493,372,177,255,528,300,237,547,964,511,93,239,676,307,301,280,145,325,441,546,408,452,545,642,562,547,263,421,407,382,92,149,30,196,286,297,188,206,728,691,764,526,179,403,215,396,713,469,495,390,386,346,391,228,298,343,256,224,386,267,717,427,387,382,774,385,525,389,730,406,364,573,550,403,154,281,938,369,601,301,376,507,609,491,598,485,407,490,363,253,357,314,638,358,347,272,108,384,469,266,344,283,528,451,530,362,314,422,344,476,427,275,196,331,281,296,244,232,78,109,59,122,240,429,402,446,291,376,645,402,323,335,491,292,221,327,297,291,86,248,593,310,751,497,337,634,465,617,438,514,454,669,305,551,278,391,468,496,354,348,99,496,494,453,292,466,345,389,195,364,451,522,407,732,0.5193379038976943,99623,0.4806620961023057,30809430.26064201
CP119745.1,1,1003,476,393,567,482,332,331,330,326,340,210,261,557,328,389,340,331,315,428,314,352,195,350,250,225,256,382,217,183,184,458,278,440,218,220,282,398,306,317,266,226,237,180,227,230,240,289,327,572,347,208,541,455,337,240,303,401,334,353,289,430,308,297,494,399,290,138,306,340,360,271,315,440,560,412,436,310,417,283,393,171,318,485,353,180,228,355,180,150,339,580,349,73,179,433,249,263,156,101,228,292,314,170,307,388,373,365,359,206,262,227,356,127,123,62,214,225,282,100,262,497,522,454,423,211,385,154,403,530,377,398,335,281,177,263,207,245,233,166,216,421,158,421,282,325,271,459,349,431,275,353,221,209,282,360,283,153,247,537,292,411,184,293,335,400,250,348,287,257,277,216,192,285,204,329,307,330,228,130,327,354,184,173,235,347,239,300,229,330,351,296,427,507,332,208,406,285,278,215,251,149,154,82,173,380,432,284,514,306,382,476,387,364,245,360,283,164,206,163,202,117,259,468,334,526,370,246,437,314,410,299,369,352,398,181,347,295,240,270,414,424,330,158,528,517,449,222,378,334,297,171,278,469,522,333,805,0.4700602514195036,80662,0.5299397485804964,24904402.7526448
LS992180.1,1,39525,27567,25305,28390,24319,22359,26563,17748,18589,21387,15012,14292,23259,22866,24360,21054,18299,12506,19223,15875,26491,13379,27236,14885,16198,28069,20453,16013,7158,10731,23442,14175,20702,11616,12035,17881,25012,19628,29018,14585,12638,18588,10439,14807,11932,10871,15548,17772,24183,14961,10127,21380,30476,20245,26194,17966,23350,23954,22282,15989,21037,19421,22881,28409,26468,23994,10420,22770,14703,25822,18382,15295,24721,40543,27855,23716,14739,28985,17093,23969,14635,20516,37667,21824,14762,10055,18296,10350,17331,30816,27790,20386,4308,9239,27894,15050,21145,18637,11311,26278,27617,37542,29928,29078,19114,31267,18453,27732,15289,20288,18275,26853,7933,10103,1000,10185,13196,11093,11140,11978,28069,32499,37911,19340,10786,22917,10506,25003,30386,20195,22956,19455,14910,14768,20105,10536,13009,14807,9303,11046,22426,20518,29168,23242,29590,19949,31801,24230,34558,17151,31499,18516,27411,37928,30914,28501,11564,14487,41514,21583,22325,9531,11128,20605,30622,14017,38118,19841,12794,17587,10318,13384,19036,15155,25965,22373,19972,13529,9701,15086,20959,9502,18902,11953,21204,20105,20769,12718,19397,20071,24296,27744,24408,19233,10599,20924,11971,19042,15683,11927,5915,11506,4302,7069,10227,22512,14954,23483,21128,21231,28144,22857,18831,12878,19292,12740,16431,27352,17409,15805,6191,12950,24969,18404,28820,20535,13691,30590,22319,30538,27690,25644,19043,35156,14873,26606,12031,15002,15007,24510,23076,20030,7964,24525,28729,22901,20761,20617,21013,29633,14716,18503,24375,30599,26182,39529,0.5079183296592761,5137826,0.49208167034072386,1586648478.902644
LS992181.1,1,1215,762,651,742,745,554,586,505,507,533,457,334,744,589,590,459,572,491,802,573,776,384,764,478,419,629,687,403,208,377,815,436,709,476,405,463,743,650,679,425,452,618,411,438,416,353,441,541,821,631,339,808,964,736,478,503,623,601,585,456,540,613,441,781,650,506,286,543,636,870,553,546,919,1345,990,834,661,1000,561,647,269,763,1182,728,447,549,734,445,362,840,1206,652,111,400,1040,512,411,454,248,490,660,952,539,642,641,948,720,684,335,566,443,625,160,187,53,259,519,598,207,435,1073,1098,777,891,358,731,243,729,812,623,568,542,580,453,606,395,448,371,354,343,729,413,665,520,570,602,990,724,1030,650,806,580,535,778,751,576,176,506,1128,568,632,394,421,613,843,603,808,648,483,524,350,416,488,439,595,581,558,426,225,478,727,399,358,409,585,473,519,404,488,675,500,818,693,499,326,555,477,525,393,390,179,248,118,240,465,680,449,749,574,749,1114,844,689,592,756,560,287,546,349,338,164,475,856,545,793,710,442,761,640,861,614,663,484,812,292,565,448,535,502,734,534,541,168,798,1071,864,477,693,425,606,272,468,655,1086,587,1443,0.5061450348519377,149633,0.49385496514806226,46143206.144240215
LS992182.1,1,1062,632,607,613,565,499,580,410,433,525,498,354,473,427,530,351,355,338,751,378,462,374,711,395,358,567,672,393,164,245,669,272,552,350,350,456,644,574,694,404,514,587,423,432,281,326,482,404,538,369,186,558,710,515,494,392,736,669,680,426,441,445,459,565,488,459,243,329,429,603,490,358,739,1109,958,690,343,604,533,479,230,459,764,490,301,331,649,353,430,740,1226,610,120,312,827,401,460,414,313,522,644,788,594,669,747,920,754,758,375,570,530,536,116,189,45,245,392,392,287,299,978,925,1053,643,236,506,286,496,897,621,718,471,495,455,587,286,431,528,420,296,563,480,902,542,544,541,1091,575,755,534,1045,542,600,874,834,575,207,452,1317,472,784,399,557,663,839,718,966,655,548,715,483,375,456,464,844,470,403,364,163,498,604,361,524,369,672,578,679,410,376,547,520,571,467,342,242,368,333,385,333,296,105,154,80,153,272,600,546,538,390,542,890,516,425,395,601,370,321,514,447,433,104,361,786,379,911,660,455,847,624,796,628,720,594,956,461,669,316,498,483,604,362,425,98,655,632,523,410,570,487,596,268,422,487,637,508,823,0.5333148063302263,133139,0.4666851936697737,41186863.22162159
